--
-- PostgreSQL database dump
--

\restrict 7Fcm3Js1rLPxSAcaa2hELoWSBEq65kJn0TTAwzb9SDuEYy3DgdJdadfLcd6pg07

-- Dumped from database version 16.13
-- Dumped by pg_dump version 16.13

SET statement_timeout = 0;
SET lock_timeout = 0;
SET idle_in_transaction_session_timeout = 0;
SET client_encoding = 'UTF8';
SET standard_conforming_strings = on;
SELECT pg_catalog.set_config('search_path', '', false);
SET check_function_bodies = false;
SET xmloption = content;
SET client_min_messages = warning;
SET row_security = off;

ALTER TABLE IF EXISTS ONLY public.livro_capa DROP CONSTRAINT IF EXISTS livro_capa_livro_id_fkey;
ALTER TABLE IF EXISTS ONLY public.usuarios DROP CONSTRAINT IF EXISTS fk_usuarios_aluno;
ALTER TABLE IF EXISTS ONLY public.reservas DROP CONSTRAINT IF EXISTS fk_reservas_livro;
ALTER TABLE IF EXISTS ONLY public.reservas DROP CONSTRAINT IF EXISTS fk_reservas_emprestimo;
ALTER TABLE IF EXISTS ONLY public.reservas DROP CONSTRAINT IF EXISTS fk_reservas_aluno;
ALTER TABLE IF EXISTS ONLY public.refresh_tokens DROP CONSTRAINT IF EXISTS fk_refresh_tokens_usuario;
ALTER TABLE IF EXISTS ONLY public.emprestimos DROP CONSTRAINT IF EXISTS fk_emprestimos_livro;
ALTER TABLE IF EXISTS ONLY public.emprestimos DROP CONSTRAINT IF EXISTS fk_emprestimos_aluno;
DROP INDEX IF EXISTS public.idx_usuarios_email;
DROP INDEX IF EXISTS public.idx_reservas_status;
DROP INDEX IF EXISTS public.idx_reservas_livro;
DROP INDEX IF EXISTS public.idx_reservas_aluno;
DROP INDEX IF EXISTS public.idx_refresh_tokens_usuario;
DROP INDEX IF EXISTS public.idx_refresh_tokens_token_hash;
DROP INDEX IF EXISTS public.idx_livros_titulo;
DROP INDEX IF EXISTS public.idx_livros_autor;
DROP INDEX IF EXISTS public.idx_emprestimos_situacao;
DROP INDEX IF EXISTS public.idx_emprestimos_livro;
DROP INDEX IF EXISTS public.idx_emprestimos_data_devolucao_prevista;
DROP INDEX IF EXISTS public.idx_emprestimos_aluno_situacao;
DROP INDEX IF EXISTS public.idx_audit_log_usuario_email;
DROP INDEX IF EXISTS public.idx_audit_log_ocorrido_em;
DROP INDEX IF EXISTS public.idx_audit_log_evento;
DROP INDEX IF EXISTS public.idx_alunos_turma;
DROP INDEX IF EXISTS public.idx_alunos_nome;
DROP INDEX IF EXISTS public.flyway_schema_history_s_idx;
ALTER TABLE IF EXISTS ONLY public.usuarios DROP CONSTRAINT IF EXISTS usuarios_pkey;
ALTER TABLE IF EXISTS ONLY public.usuarios DROP CONSTRAINT IF EXISTS uk_usuarios_aluno;
ALTER TABLE IF EXISTS ONLY public.livros DROP CONSTRAINT IF EXISTS uk_livros_isbn;
ALTER TABLE IF EXISTS ONLY public.alunos DROP CONSTRAINT IF EXISTS uk_alunos_matricula;
ALTER TABLE IF EXISTS ONLY public.reservas DROP CONSTRAINT IF EXISTS reservas_pkey;
ALTER TABLE IF EXISTS ONLY public.refresh_tokens DROP CONSTRAINT IF EXISTS refresh_tokens_pkey;
ALTER TABLE IF EXISTS ONLY public.livros DROP CONSTRAINT IF EXISTS livros_pkey;
ALTER TABLE IF EXISTS ONLY public.livro_capa DROP CONSTRAINT IF EXISTS livro_capa_pkey;
ALTER TABLE IF EXISTS ONLY public.flyway_schema_history DROP CONSTRAINT IF EXISTS flyway_schema_history_pk;
ALTER TABLE IF EXISTS ONLY public.emprestimos DROP CONSTRAINT IF EXISTS emprestimos_pkey;
ALTER TABLE IF EXISTS ONLY public.audit_log DROP CONSTRAINT IF EXISTS audit_log_pkey;
ALTER TABLE IF EXISTS ONLY public.alunos DROP CONSTRAINT IF EXISTS alunos_pkey;
DROP TABLE IF EXISTS public.usuarios;
DROP TABLE IF EXISTS public.reservas;
DROP TABLE IF EXISTS public.refresh_tokens;
DROP TABLE IF EXISTS public.livros;
DROP TABLE IF EXISTS public.livro_capa;
DROP TABLE IF EXISTS public.flyway_schema_history;
DROP TABLE IF EXISTS public.emprestimos;
DROP TABLE IF EXISTS public.audit_log;
DROP TABLE IF EXISTS public.alunos;
SET default_tablespace = '';

SET default_table_access_method = heap;

--
-- Name: alunos; Type: TABLE; Schema: public; Owner: postgres
--

CREATE TABLE public.alunos (
    id bigint NOT NULL,
    matricula character varying(30) NOT NULL,
    nome character varying(150) NOT NULL,
    turma character varying(30) NOT NULL,
    created_at timestamp(6) with time zone NOT NULL,
    updated_at timestamp(6) with time zone NOT NULL
);


ALTER TABLE public.alunos OWNER TO postgres;

--
-- Name: alunos_id_seq; Type: SEQUENCE; Schema: public; Owner: postgres
--

ALTER TABLE public.alunos ALTER COLUMN id ADD GENERATED BY DEFAULT AS IDENTITY (
    SEQUENCE NAME public.alunos_id_seq
    START WITH 1
    INCREMENT BY 1
    NO MINVALUE
    NO MAXVALUE
    CACHE 1
);


--
-- Name: audit_log; Type: TABLE; Schema: public; Owner: postgres
--

CREATE TABLE public.audit_log (
    id bigint NOT NULL,
    evento character varying(40) NOT NULL,
    usuario_email character varying(150),
    ip character varying(45),
    user_agent character varying(255),
    detalhe character varying(500),
    ocorrido_em timestamp(6) with time zone NOT NULL
);


ALTER TABLE public.audit_log OWNER TO postgres;

--
-- Name: audit_log_id_seq; Type: SEQUENCE; Schema: public; Owner: postgres
--

ALTER TABLE public.audit_log ALTER COLUMN id ADD GENERATED BY DEFAULT AS IDENTITY (
    SEQUENCE NAME public.audit_log_id_seq
    START WITH 1
    INCREMENT BY 1
    NO MINVALUE
    NO MAXVALUE
    CACHE 1
);


--
-- Name: emprestimos; Type: TABLE; Schema: public; Owner: postgres
--

CREATE TABLE public.emprestimos (
    id bigint NOT NULL,
    livro_id bigint NOT NULL,
    aluno_id bigint NOT NULL,
    data_emprestimo date NOT NULL,
    prazo_dias integer NOT NULL,
    data_devolucao_prevista date NOT NULL,
    data_devolucao_efetiva date,
    situacao character varying(20) NOT NULL,
    created_at timestamp(6) with time zone NOT NULL,
    updated_at timestamp(6) with time zone NOT NULL,
    version bigint DEFAULT 0 NOT NULL,
    CONSTRAINT ck_emprestimos_prazo CHECK ((prazo_dias >= 1)),
    CONSTRAINT ck_emprestimos_situacao CHECK (((situacao)::text = ANY ((ARRAY['ATIVO'::character varying, 'DEVOLVIDO'::character varying])::text[])))
);


ALTER TABLE public.emprestimos OWNER TO postgres;

--
-- Name: emprestimos_id_seq; Type: SEQUENCE; Schema: public; Owner: postgres
--

ALTER TABLE public.emprestimos ALTER COLUMN id ADD GENERATED BY DEFAULT AS IDENTITY (
    SEQUENCE NAME public.emprestimos_id_seq
    START WITH 1
    INCREMENT BY 1
    NO MINVALUE
    NO MAXVALUE
    CACHE 1
);


--
-- Name: flyway_schema_history; Type: TABLE; Schema: public; Owner: postgres
--

CREATE TABLE public.flyway_schema_history (
    installed_rank integer NOT NULL,
    version character varying(50),
    description character varying(200) NOT NULL,
    type character varying(20) NOT NULL,
    script character varying(1000) NOT NULL,
    checksum integer,
    installed_by character varying(100) NOT NULL,
    installed_on timestamp without time zone DEFAULT now() NOT NULL,
    execution_time integer NOT NULL,
    success boolean NOT NULL
);


ALTER TABLE public.flyway_schema_history OWNER TO postgres;

--
-- Name: livro_capa; Type: TABLE; Schema: public; Owner: postgres
--

CREATE TABLE public.livro_capa (
    livro_id bigint NOT NULL,
    imagem bytea NOT NULL,
    content_type character varying(100) NOT NULL,
    atualizado_em timestamp(6) with time zone NOT NULL
);


ALTER TABLE public.livro_capa OWNER TO postgres;

--
-- Name: livros; Type: TABLE; Schema: public; Owner: postgres
--

CREATE TABLE public.livros (
    id bigint NOT NULL,
    titulo character varying(200) NOT NULL,
    autor character varying(150) NOT NULL,
    isbn character varying(20),
    ano integer,
    quantidade_exemplares integer NOT NULL,
    quantidade_disponivel integer NOT NULL,
    version bigint NOT NULL,
    created_at timestamp(6) with time zone NOT NULL,
    updated_at timestamp(6) with time zone NOT NULL,
    capa_url character varying(500),
    capa_manual boolean DEFAULT false NOT NULL,
    CONSTRAINT ck_livros_qtd_consistente CHECK ((quantidade_disponivel <= quantidade_exemplares)),
    CONSTRAINT ck_livros_qtd_disponivel CHECK ((quantidade_disponivel >= 0))
);


ALTER TABLE public.livros OWNER TO postgres;

--
-- Name: livros_id_seq; Type: SEQUENCE; Schema: public; Owner: postgres
--

ALTER TABLE public.livros ALTER COLUMN id ADD GENERATED BY DEFAULT AS IDENTITY (
    SEQUENCE NAME public.livros_id_seq
    START WITH 1
    INCREMENT BY 1
    NO MINVALUE
    NO MAXVALUE
    CACHE 1
);


--
-- Name: refresh_tokens; Type: TABLE; Schema: public; Owner: postgres
--

CREATE TABLE public.refresh_tokens (
    id bigint NOT NULL,
    token_hash character varying(64) NOT NULL,
    usuario_id bigint NOT NULL,
    expires_at timestamp(6) with time zone NOT NULL,
    revoked_at timestamp(6) with time zone,
    created_at timestamp(6) with time zone NOT NULL,
    updated_at timestamp(6) with time zone NOT NULL
);


ALTER TABLE public.refresh_tokens OWNER TO postgres;

--
-- Name: refresh_tokens_id_seq; Type: SEQUENCE; Schema: public; Owner: postgres
--

ALTER TABLE public.refresh_tokens ALTER COLUMN id ADD GENERATED BY DEFAULT AS IDENTITY (
    SEQUENCE NAME public.refresh_tokens_id_seq
    START WITH 1
    INCREMENT BY 1
    NO MINVALUE
    NO MAXVALUE
    CACHE 1
);


--
-- Name: reservas; Type: TABLE; Schema: public; Owner: postgres
--

CREATE TABLE public.reservas (
    id bigint NOT NULL,
    livro_id bigint NOT NULL,
    aluno_id bigint NOT NULL,
    status character varying(20) NOT NULL,
    data_reserva date NOT NULL,
    data_expiracao date NOT NULL,
    data_resolucao timestamp(6) with time zone,
    emprestimo_id bigint,
    version bigint NOT NULL,
    created_at timestamp(6) with time zone NOT NULL,
    updated_at timestamp(6) with time zone NOT NULL,
    CONSTRAINT ck_reservas_status CHECK (((status)::text = ANY ((ARRAY['PENDENTE'::character varying, 'CONFIRMADA'::character varying, 'RECUSADA'::character varying, 'CANCELADA'::character varying, 'EXPIRADA'::character varying])::text[])))
);


ALTER TABLE public.reservas OWNER TO postgres;

--
-- Name: reservas_id_seq; Type: SEQUENCE; Schema: public; Owner: postgres
--

ALTER TABLE public.reservas ALTER COLUMN id ADD GENERATED BY DEFAULT AS IDENTITY (
    SEQUENCE NAME public.reservas_id_seq
    START WITH 1
    INCREMENT BY 1
    NO MINVALUE
    NO MAXVALUE
    CACHE 1
);


--
-- Name: usuarios; Type: TABLE; Schema: public; Owner: postgres
--

CREATE TABLE public.usuarios (
    id bigint NOT NULL,
    email character varying(150) NOT NULL,
    nome character varying(150) NOT NULL,
    senha_hash character varying(100) NOT NULL,
    role character varying(20) NOT NULL,
    ativo boolean NOT NULL,
    created_at timestamp(6) with time zone NOT NULL,
    updated_at timestamp(6) with time zone NOT NULL,
    password_changed_at timestamp(6) with time zone DEFAULT now() NOT NULL,
    aluno_id bigint,
    deve_trocar_senha boolean DEFAULT false NOT NULL
);


ALTER TABLE public.usuarios OWNER TO postgres;

--
-- Name: usuarios_id_seq; Type: SEQUENCE; Schema: public; Owner: postgres
--

ALTER TABLE public.usuarios ALTER COLUMN id ADD GENERATED BY DEFAULT AS IDENTITY (
    SEQUENCE NAME public.usuarios_id_seq
    START WITH 1
    INCREMENT BY 1
    NO MINVALUE
    NO MAXVALUE
    CACHE 1
);


--
-- Data for Name: alunos; Type: TABLE DATA; Schema: public; Owner: postgres
--

COPY public.alunos (id, matricula, nome, turma, created_at, updated_at) FROM stdin;
1	2026001	Ana Beatriz Silva	9A	2026-05-22 15:27:50.19931+00	2026-05-22 15:27:50.199321+00
2	2026002	Pedro Henrique Oliveira	9A	2026-05-22 15:27:50.203638+00	2026-05-22 15:27:50.203647+00
3	2026003	Maria Eduarda Santos	9B	2026-05-22 15:27:50.206464+00	2026-05-22 15:27:50.206479+00
4	2026004	Joao Gabriel Souza	8A	2026-05-22 15:27:50.21026+00	2026-05-22 15:27:50.210354+00
5	2026005	Larissa Almeida Costa	8B	2026-05-22 15:27:50.213789+00	2026-05-22 15:27:50.2138+00
6	2026006	Lucas Ferreira Lima	7A	2026-05-22 15:27:50.216828+00	2026-05-22 15:27:50.216851+00
7	2026007	Julia Rodrigues	7B	2026-05-22 15:27:50.219758+00	2026-05-22 15:27:50.219808+00
8	2026008	Gabriel Martins	9A	2026-05-22 15:27:50.222765+00	2026-05-22 15:27:50.222775+00
9	2026009	Sophia Carvalho	8A	2026-05-22 15:27:50.226698+00	2026-05-22 15:27:50.226707+00
10	2026010	Matheus Pereira	7A	2026-05-22 15:27:50.229791+00	2026-05-22 15:27:50.229801+00
11	2026011	Beatriz Gomes	6A	2026-05-22 15:27:50.232859+00	2026-05-22 15:27:50.232882+00
12	2026012	Enzo Ribeiro	6B	2026-05-22 15:27:50.236282+00	2026-05-22 15:27:50.236292+00
13	202700100	Bruno Teixeira Alves	6A	2026-05-22 16:37:56.380713+00	2026-05-22 16:37:56.380723+00
14	202700101	Camila Nunes Dias	7B	2026-05-22 16:37:56.696289+00	2026-05-22 16:37:56.696302+00
15	202700102	Daniel Rocha Pinto	8A	2026-05-22 16:37:57.013646+00	2026-05-22 16:37:57.013661+00
16	202700103	Elisa Moraes Cunha	9B	2026-05-22 16:37:57.281923+00	2026-05-22 16:37:57.281934+00
17	202700104	Felipe Barros Castro	6A	2026-05-22 16:37:57.604157+00	2026-05-22 16:37:57.604172+00
18	202700105	Gabriela Pires Melo	7B	2026-05-22 16:37:57.920588+00	2026-05-22 16:37:57.9206+00
19	202700106	Heitor Campos Reis	8A	2026-05-22 16:37:58.231328+00	2026-05-22 16:37:58.231342+00
20	202700107	Isabela Freitas Lopes	9B	2026-05-22 16:37:58.598258+00	2026-05-22 16:37:58.598272+00
21	202700108	Joao Vitor Mendes	6A	2026-05-22 16:37:58.944328+00	2026-05-22 16:37:58.944341+00
22	202700109	Karina Ramos Teles	7B	2026-05-22 16:37:59.245574+00	2026-05-22 16:37:59.245589+00
23	202700110	Leonardo Cardoso Sa	8A	2026-05-22 16:37:59.585813+00	2026-05-22 16:37:59.585828+00
24	202700111	Mariana Vieira Brito	9B	2026-05-22 16:37:59.884655+00	2026-05-22 16:37:59.884702+00
25	202700112	Nicolas Araujo Pena	6A	2026-05-22 16:38:00.162001+00	2026-05-22 16:38:00.162008+00
26	202700113	Olivia Tavares Maia	7B	2026-05-22 16:38:00.454227+00	2026-05-22 16:38:00.454243+00
27	202700114	Paulo Cesar Fonseca	8A	2026-05-22 16:38:00.786499+00	2026-05-22 16:38:00.786512+00
28	202700115	Rafaela Duarte Nobre	9B	2026-05-22 16:38:01.085118+00	2026-05-22 16:38:01.085126+00
29	202700116	Samuel Antunes Goes	6A	2026-05-22 16:38:01.420347+00	2026-05-22 16:38:01.420362+00
30	202700117	Tatiana Borges Lira	7B	2026-05-22 16:38:01.691699+00	2026-05-22 16:38:01.691707+00
31	202700118	Vitor Hugo Macedo	8A	2026-05-22 16:38:01.961495+00	2026-05-22 16:38:01.96153+00
32	202700119	Yasmin Correia Paz	9B	2026-05-22 16:38:02.245504+00	2026-05-22 16:38:02.245565+00
\.


--
-- Data for Name: audit_log; Type: TABLE DATA; Schema: public; Owner: postgres
--

COPY public.audit_log (id, evento, usuario_email, ip, user_agent, detalhe, ocorrido_em) FROM stdin;
1	LOGIN_SUCESSO	admin@liber.local	172.18.0.1	curl/8.12.1	\N	2026-05-22 15:30:06.309168+00
2	LOGIN_SUCESSO	admin@liber.local	172.18.0.1	Mozilla/5.0 (Windows NT 10.0; Microsoft Windows 10.0.26200; pt-BR) PowerShell/7.6.1	\N	2026-05-22 15:32:07.376416+00
3	LOGIN_SUCESSO	admin@liber.local	172.18.0.1	Mozilla/5.0 (Windows NT 10.0; Win64; x64) AppleWebKit/537.36 (KHTML, like Gecko) Chrome/148.0.0.0 Safari/537.36	\N	2026-05-22 16:07:42.310752+00
4	LOGIN_FALHA	admin@biblioescola.local	172.18.0.1	Mozilla/5.0 (Windows NT 10.0; Win64; x64) AppleWebKit/537.36 (KHTML, like Gecko) Chrome/148.0.0.0 Safari/537.36	Credenciais invalidas	2026-05-22 16:36:07.855024+00
5	LOGIN_SUCESSO	admin@liber.local	172.18.0.1	curl/8.12.1	\N	2026-05-22 16:36:47.720895+00
6	USUARIO_CRIADO	roberto.bib@liber.local	172.18.0.1	curl/8.12.1	Role: BIBLIOTECARIO	2026-05-22 16:36:49.080042+00
7	USUARIO_CRIADO	fernanda.bib@liber.local	172.18.0.1	curl/8.12.1	Role: BIBLIOTECARIO	2026-05-22 16:36:49.733476+00
8	USUARIO_CRIADO	diretor@liber.local	172.18.0.1	curl/8.12.1	Role: ADMIN	2026-05-22 16:36:50.460993+00
9	USUARIO_CRIADO	aluno.202700100@liber.local	172.18.0.1	curl/8.12.1	Acesso de aluno (matricula 202700100)	2026-05-22 16:38:02.837621+00
10	LOGIN_SUCESSO	aluno.202700100@liber.local	172.18.0.1	curl/8.12.1	\N	2026-05-22 16:38:03.31682+00
11	TROCA_SENHA	aluno.202700100@liber.local	172.18.0.1	curl/8.12.1	\N	2026-05-22 16:38:04.340101+00
12	LOGIN_SUCESSO	aluno.202700100@liber.local	172.18.0.1	curl/8.12.1	\N	2026-05-22 16:38:04.791437+00
13	USUARIO_CRIADO	aluno.202700101@liber.local	172.18.0.1	curl/8.12.1	Acesso de aluno (matricula 202700101)	2026-05-22 16:38:05.157994+00
14	LOGIN_SUCESSO	aluno.202700101@liber.local	172.18.0.1	curl/8.12.1	\N	2026-05-22 16:38:05.558201+00
15	TROCA_SENHA	aluno.202700101@liber.local	172.18.0.1	curl/8.12.1	\N	2026-05-22 16:38:06.94432+00
16	LOGIN_SUCESSO	aluno.202700101@liber.local	172.18.0.1	curl/8.12.1	\N	2026-05-22 16:38:07.466493+00
17	USUARIO_CRIADO	aluno.202700102@liber.local	172.18.0.1	curl/8.12.1	Acesso de aluno (matricula 202700102)	2026-05-22 16:38:07.955349+00
18	LOGIN_SUCESSO	aluno.202700102@liber.local	172.18.0.1	curl/8.12.1	\N	2026-05-22 16:38:08.477584+00
19	TROCA_SENHA	aluno.202700102@liber.local	172.18.0.1	curl/8.12.1	\N	2026-05-22 16:38:09.427842+00
20	USUARIO_CRIADO	aluno.202700103@liber.local	172.18.0.1	curl/8.12.1	Acesso de aluno (matricula 202700103)	2026-05-22 16:38:09.988531+00
21	USUARIO_CRIADO	aluno.202700104@liber.local	172.18.0.1	curl/8.12.1	Acesso de aluno (matricula 202700104)	2026-05-22 16:38:10.892644+00
22	USUARIO_CRIADO	aluno.202700105@liber.local	172.18.0.1	curl/8.12.1	Acesso de aluno (matricula 202700105)	2026-05-22 16:38:11.791868+00
23	LOGIN_SUCESSO	admin@liber.local	172.18.0.1	curl/8.12.1	\N	2026-05-22 16:40:32.506102+00
24	USUARIO_CRIADO	carla.bib@liber.local	172.18.0.1	curl/8.12.1	Role: BIBLIOTECARIO	2026-05-22 16:40:32.979259+00
25	LOGIN_SUCESSO	admin@liber.local	172.18.0.1	Mozilla/5.0 (Windows NT 10.0; Win64; x64) AppleWebKit/537.36 (KHTML, like Gecko) Chrome/148.0.0.0 Safari/537.36	\N	2026-05-22 16:43:04.326729+00
26	LOGIN_SUCESSO	aluno.202700100@liber.local	172.18.0.1	curl/8.12.1	\N	2026-05-22 16:43:26.358778+00
27	LOGIN_SUCESSO	carla.bib@liber.local	172.18.0.1	curl/8.12.1	\N	2026-05-22 16:43:26.808415+00
28	USUARIO_CRIADO	atacante@evil.com	172.18.0.1	curl/8.12.1	Role: BIBLIOTECARIO	2026-05-22 16:43:33.444988+00
29	USUARIO_CRIADO	massassign@evil.com	172.18.0.1	curl/8.12.1	Role: BIBLIOTECARIO	2026-05-22 16:43:34.192239+00
30	LOGIN_SUCESSO	carla.bib@liber.local	172.18.0.1	curl/8.12.1	\N	2026-05-22 16:45:23.907764+00
31	LOGIN_SUCESSO	aluno.202700100@liber.local	172.18.0.1	curl/8.12.1	\N	2026-05-22 16:45:24.400916+00
32	LOGIN_SUCESSO	aluno.202700103@liber.local	172.18.0.1	curl/8.12.1	\N	2026-05-22 16:45:29.352491+00
33	LOGIN_SUCESSO	carla.bib@liber.local	172.18.0.1	curl/8.12.1	\N	2026-05-22 16:47:25.007486+00
34	LOGIN_FALHA	naoexiste@x.com	172.18.0.1	curl/8.12.1	Credenciais invalidas	2026-05-22 16:47:26.336292+00
35	LOGIN_FALHA	naoexiste@x.com	172.18.0.1	curl/8.12.1	Credenciais invalidas	2026-05-22 16:47:26.752928+00
36	LOGIN_FALHA	naoexiste@x.com	172.18.0.1	curl/8.12.1	Credenciais invalidas	2026-05-22 16:47:27.180322+00
37	LOGIN_FALHA	naoexiste@x.com	172.18.0.1	curl/8.12.1	Credenciais invalidas	2026-05-22 16:47:27.568684+00
38	LOGIN_FALHA	carla.bib@liber.local	172.18.0.1	curl/8.12.1	Credenciais invalidas	2026-05-22 16:48:30.723772+00
39	LOGIN_FALHA	carla.bib@liber.local	172.18.0.1	curl/8.12.1	Credenciais invalidas	2026-05-22 16:48:31.354757+00
40	LOGIN_FALHA	carla.bib@liber.local	172.18.0.1	curl/8.12.1	Credenciais invalidas	2026-05-22 16:48:31.90174+00
41	LOGIN_FALHA	carla.bib@liber.local	172.18.0.1	curl/8.12.1	Credenciais invalidas	2026-05-22 16:48:32.346092+00
42	LOGIN_FALHA	carla.bib@liber.local	172.18.0.1	curl/8.12.1	Credenciais invalidas	2026-05-22 16:48:32.802214+00
43	LOGIN_SUCESSO	aluno.202700100@liber.local	172.18.0.1	curl/8.12.1	\N	2026-05-22 16:52:27.525557+00
44	LOGIN_SUCESSO	aluno.202700100@liber.local	172.18.0.1	curl/8.12.1	\N	2026-05-22 17:02:06.567336+00
45	LOGIN_SUCESSO	carla.bib@liber.local	172.18.0.1	curl/8.12.1	\N	2026-05-22 17:02:07.266429+00
46	LOGIN_SUCESSO	carla.bib@liber.local	172.18.0.1	curl/8.12.1	\N	2026-05-22 17:02:53.366637+00
\.


--
-- Data for Name: emprestimos; Type: TABLE DATA; Schema: public; Owner: postgres
--

COPY public.emprestimos (id, livro_id, aluno_id, data_emprestimo, prazo_dias, data_devolucao_prevista, data_devolucao_efetiva, situacao, created_at, updated_at, version) FROM stdin;
1	1	1	2026-05-07	7	2026-05-14	\N	ATIVO	2026-05-22 15:27:50.242466+00	2026-05-22 15:27:50.242474+00	0
2	3	4	2026-05-02	10	2026-05-12	\N	ATIVO	2026-05-22 15:27:50.249164+00	2026-05-22 15:27:50.249185+00	0
3	6	7	2026-05-10	7	2026-05-17	\N	ATIVO	2026-05-22 15:27:50.253275+00	2026-05-22 15:27:50.253284+00	0
4	8	2	2026-05-16	7	2026-05-23	\N	ATIVO	2026-05-22 15:27:50.257762+00	2026-05-22 15:27:50.257774+00	0
5	5	9	2026-05-15	7	2026-05-22	\N	ATIVO	2026-05-22 15:27:50.261779+00	2026-05-22 15:27:50.261788+00	0
6	10	3	2026-05-20	14	2026-06-03	\N	ATIVO	2026-05-22 15:27:50.266625+00	2026-05-22 15:27:50.266714+00	0
7	15	5	2026-05-21	10	2026-05-31	\N	ATIVO	2026-05-22 15:27:50.272718+00	2026-05-22 15:27:50.27273+00	0
8	9	6	2026-05-19	10	2026-05-29	\N	ATIVO	2026-05-22 15:27:50.276324+00	2026-05-22 15:27:50.276332+00	0
9	3	8	2026-05-21	14	2026-06-04	\N	ATIVO	2026-05-22 15:27:50.28027+00	2026-05-22 15:27:50.280278+00	0
10	2	10	2026-04-22	7	2026-04-29	2026-04-28	DEVOLVIDO	2026-05-22 15:27:50.283636+00	2026-05-22 15:27:50.283645+00	0
11	4	11	2026-04-27	10	2026-05-07	2026-05-06	DEVOLVIDO	2026-05-22 15:27:50.288364+00	2026-05-22 15:27:50.288383+00	0
12	6	12	2026-04-12	7	2026-04-19	2026-04-18	DEVOLVIDO	2026-05-22 15:27:50.294614+00	2026-05-22 15:27:50.294651+00	0
13	17	19	2026-05-22	7	2026-05-29	\N	ATIVO	2026-05-22 16:38:12.513875+00	2026-05-22 16:38:12.513884+00	0
14	18	20	2026-05-22	14	2026-06-05	\N	ATIVO	2026-05-22 16:38:12.689845+00	2026-05-22 16:38:12.68986+00	0
15	19	21	2026-05-22	21	2026-06-12	\N	ATIVO	2026-05-22 16:38:12.817129+00	2026-05-22 16:38:12.817139+00	0
16	20	22	2026-05-22	7	2026-05-29	\N	ATIVO	2026-05-22 16:38:12.973528+00	2026-05-22 16:38:12.973537+00	0
17	21	23	2026-05-22	14	2026-06-05	\N	ATIVO	2026-05-22 16:38:13.110488+00	2026-05-22 16:38:13.110495+00	0
18	22	24	2026-05-22	21	2026-06-12	\N	ATIVO	2026-05-22 16:38:13.250166+00	2026-05-22 16:38:13.250172+00	0
19	23	25	2026-05-22	7	2026-05-29	\N	ATIVO	2026-05-22 16:38:13.386282+00	2026-05-22 16:38:13.386291+00	0
20	24	26	2026-05-22	14	2026-06-05	\N	ATIVO	2026-05-22 16:38:13.52928+00	2026-05-22 16:38:13.529289+00	0
\.


--
-- Data for Name: flyway_schema_history; Type: TABLE DATA; Schema: public; Owner: postgres
--

COPY public.flyway_schema_history (installed_rank, version, description, type, script, checksum, installed_by, installed_on, execution_time, success) FROM stdin;
1	1	init	SQL	V1__init.sql	331475971	postgres	2026-05-22 15:26:51.143528	111	t
2	2	add version to emprestimos	SQL	V2__add_version_to_emprestimos.sql	-834516781	postgres	2026-05-22 15:26:51.321994	7	t
3	3	add password changed at to usuarios	SQL	V3__add_password_changed_at_to_usuarios.sql	1893893703	postgres	2026-05-22 15:26:51.356534	4	t
4	4	create refresh tokens	SQL	V4__create_refresh_tokens.sql	1329111201	postgres	2026-05-22 15:26:51.376736	22	t
5	5	create audit log	SQL	V5__create_audit_log.sql	42310189	postgres	2026-05-22 15:26:51.416083	31	t
6	6	add aluno login	SQL	V6__add_aluno_login.sql	1474784766	postgres	2026-05-22 15:26:51.463586	19	t
7	7	create reservas	SQL	V7__create_reservas.sql	1933638372	postgres	2026-05-22 15:26:51.503415	48	t
8	8	add capa url to livros	SQL	V8__add_capa_url_to_livros.sql	-27147236	postgres	2026-05-22 15:26:51.575823	24	t
9	9	add capa manual e livro capa	SQL	V9__add_capa_manual_e_livro_capa.sql	-1944532056	postgres	2026-05-22 15:26:51.621056	27	t
\.


--
-- Data for Name: livro_capa; Type: TABLE DATA; Schema: public; Owner: postgres
--

COPY public.livro_capa (livro_id, imagem, content_type, atualizado_em) FROM stdin;
\.


--
-- Data for Name: livros; Type: TABLE DATA; Schema: public; Owner: postgres
--

COPY public.livros (id, titulo, autor, isbn, ano, quantidade_exemplares, quantidade_disponivel, version, created_at, updated_at, capa_url, capa_manual) FROM stdin;
2	O Cortico	Aluisio Azevedo	9788508133024	1890	3	3	1	2026-05-22 15:27:50.125207+00	2026-05-22 15:28:31.864624+00	https://books.google.com/books/content?id=lnIks45LFi4C&printsec=frontcover&img=1&zoom=2&source=gbs_api	f
4	Vidas Secas	Graciliano Ramos	9788503012670	1938	3	3	1	2026-05-22 15:27:50.133865+00	2026-05-22 15:28:34.958957+00	https://books.google.com/books/content?id=vb70EAAAQBAJ&printsec=frontcover&img=1&zoom=2&source=gbs_api	f
7	A Revolucao dos Bichos	George Orwell	9788535909553	1945	3	3	1	2026-05-22 15:27:50.151404+00	2026-05-22 15:28:37.233382+00	https://books.google.com/books/content?id=JWNqEAAAQBAJ&printsec=frontcover&img=1&zoom=2&source=gbs_api	f
11	Memorias Postumas de Bras Cubas	Machado de Assis	9788525406958	1881	2	2	1	2026-05-22 15:27:50.172823+00	2026-05-22 15:28:38.913807+00	https://books.google.com/books/content?id=bAPo56fb924C&printsec=frontcover&img=1&zoom=2&source=gbs_api	f
12	A Hora da Estrela	Clarice Lispector	9788532508119	1977	3	3	1	2026-05-22 15:27:50.178346+00	2026-05-22 15:28:41.980194+00	https://books.google.com/books/content?id=82UHEAAAQBAJ&printsec=frontcover&img=1&zoom=2&source=gbs_api	f
13	Quarto de Despejo	Carolina Maria de Jesus	9788574801087	1960	3	3	1	2026-05-22 15:27:50.182487+00	2026-05-22 15:28:43.584233+00	https://books.google.com/books/content?id=3b6yPwleJFoC&printsec=frontcover&img=1&zoom=2&source=gbs_api	f
14	O Diario de Anne Frank	Anne Frank	9788501044457	1947	4	4	1	2026-05-22 15:27:50.187085+00	2026-05-22 15:28:44.358817+00	https://books.google.com/books/content?id=vtWhueS9gQEC&printsec=frontcover&img=1&zoom=2&source=gbs_api	f
16	Iracema	Jose de Alencar	9788508162498	1865	2	2	1	2026-05-22 15:27:50.194032+00	2026-05-22 15:28:45.671462+00	https://books.google.com/books/content?id=i9KgjwEACAAJ&printsec=frontcover&img=1&zoom=2&source=gbs_api	f
25	A Moreninha 2	Autor Teste	9788500000017	2020	5	5	0	2026-05-22 16:37:21.295932+00	2026-05-22 16:37:21.295947+00	\N	f
3	Capitaes da Areia	Jorge Amado	9788535914078	1937	5	3	2	2026-05-22 15:27:50.129713+00	2026-05-22 15:28:50.046754+00	https://books.google.com/books/content?id=hG0VAQAAMAAJ&printsec=frontcover&img=1&zoom=2&source=gbs_api	f
5	O Pequeno Principe	Antoine de Saint-Exupery	9788595081413	1943	6	5	2	2026-05-22 15:27:50.138157+00	2026-05-22 15:28:52.999829+00	https://books.google.com/books/content?id=XSxKEAAAQBAJ&printsec=frontcover&img=1&zoom=2&source=gbs_api	f
6	1984	George Orwell	9788535914849	1949	4	3	2	2026-05-22 15:27:50.144276+00	2026-05-22 15:28:55.184402+00	https://books.google.com/books/content?id=T0xmAQAACAAJ&printsec=frontcover&img=1&zoom=2&source=gbs_api	f
8	Harry Potter e a Pedra Filosofal	J.K. Rowling	9788532530783	2000	5	4	2	2026-05-22 15:27:50.155699+00	2026-05-22 15:28:57.542305+00	https://books.google.com/books/content?id=PDcQCwAAQBAJ&printsec=frontcover&img=1&zoom=2&source=gbs_api	f
9	A Menina que Roubava Livros	Markus Zusak	9788598078175	2007	3	2	2	2026-05-22 15:27:50.159631+00	2026-05-22 15:28:59.67751+00	https://books.google.com/books/content?id=-_MMbijUmTEC&printsec=frontcover&img=1&zoom=2&source=gbs_api	f
10	O Hobbit	J.R.R. Tolkien	9788595084742	1937	4	3	2	2026-05-22 15:27:50.164585+00	2026-05-22 15:29:02.814942+00	https://books.google.com/books/content?id=2LeZDwAAQBAJ&printsec=frontcover&img=1&zoom=2&source=gbs_api	f
15	Percy Jackson e o Ladrao de Raios	Rick Riordan	9788580573466	2009	5	4	2	2026-05-22 15:27:50.190881+00	2026-05-22 15:29:04.987054+00	https://books.google.com/books/content?id=FP-rXfdk7EoC&printsec=frontcover&img=1&zoom=2&source=gbs_api	f
26	O Alienista	Machado de Assis	9788594318600	1882	4	4	0	2026-05-22 16:37:22.155956+00	2026-05-22 16:37:22.156074+00	https://books.google.com/books/content?id=2VzU0AEACAAJ&printsec=frontcover&img=1&zoom=2&source=gbs_api	f
1	Dom Casmurro	Machado de Assis	9788535910663	1899	4	3	4	2026-05-22 15:27:50.118907+00	2026-05-22 15:30:08.131955+00	https://books.google.com/books/content?id=qmE0EQAAQBAJ&printsec=frontcover&img=1&zoom=2&source=gbs_api	f
29	Sagarana	Joao Guimaraes Rosa	9788501114013	1946	2	2	0	2026-05-22 16:37:31.236696+00	2026-05-22 16:37:31.236709+00	\N	f
30	A Cidade e as Serras	Eca de Queiros	9788525410313	1901	3	3	0	2026-05-22 16:37:33.566475+00	2026-05-22 16:37:33.566533+00	https://books.google.com/books/content?id=g6fLxQEACAAJ&printsec=frontcover&img=1&zoom=2&source=gbs_api	f
31	O Primo Basilio	Eca de Queiros	9788508162467	1878	3	3	0	2026-05-22 16:37:35.024007+00	2026-05-22 16:37:35.024018+00	https://books.google.com/books/content?id=kn-6xQEACAAJ&printsec=frontcover&img=1&zoom=2&source=gbs_api	f
32	Helena	Machado de Assis	9788594318617	1876	3	3	0	2026-05-22 16:37:36.636007+00	2026-05-22 16:37:36.636032+00	https://books.google.com/books/content?id=eTDU0AEACAAJ&printsec=frontcover&img=1&zoom=2&source=gbs_api	f
33	Til	Jose de Alencar	9788500000031	1872	2	2	0	2026-05-22 16:37:39.937537+00	2026-05-22 16:37:39.937551+00	\N	f
34	Ubirajara	Jose de Alencar	9788500000048	1874	2	2	0	2026-05-22 16:37:43.519178+00	2026-05-22 16:37:43.519196+00	\N	f
35	A Escrava Isaura	Bernardo Guimaraes	9788508084241	1875	4	4	0	2026-05-22 16:37:44.953865+00	2026-05-22 16:37:44.95397+00	https://books.google.com/books/content?id=dHvkDwAAQBAJ&printsec=frontcover&img=1&zoom=2&source=gbs_api	f
39	Lucio Flavio	Autor Teste	9788500000055	2021	5	5	0	2026-05-22 16:37:53.76573+00	2026-05-22 16:37:53.765745+00	\N	f
18	Crime e Castigo	Fiodor Dostoievski	9788573264326	1866	2	1	1	2026-05-22 16:36:56.165583+00	2026-05-22 16:36:56.16561+00	https://books.google.com/books/content?id=T14WEQAAQBAJ&printsec=frontcover&img=1&zoom=2&source=gbs_api	f
19	A Moreninha	Joaquim Manuel de Macedo	9788508177516	1844	4	3	1	2026-05-22 16:36:59.408339+00	2026-05-22 16:36:59.408349+00	https://books.google.com/books/content?id=VoZcAAAAQBAJ&printsec=frontcover&img=1&zoom=2&source=gbs_api	f
20	Senhora	Jose de Alencar	9788508162474	1875	3	2	1	2026-05-22 16:37:02.725932+00	2026-05-22 16:37:02.725949+00	\N	f
21	O Guarani	Jose de Alencar	9788526017351	1857	3	2	1	2026-05-22 16:37:05.220942+00	2026-05-22 16:37:05.220957+00	\N	f
22	Grande Sertao Veredas	Joao Guimaraes Rosa	9788535914863	1956	2	1	1	2026-05-22 16:37:08.61828+00	2026-05-22 16:37:08.618297+00	\N	f
23	Macunaima	Mario de Andrade	9788535921113	1928	3	2	1	2026-05-22 16:37:15.366974+00	2026-05-22 16:37:15.366993+00	https://covers.openlibrary.org/b/isbn/9788535921113-L.jpg?default=false	f
24	Os Lusiadas	Luis de Camoes	9788508084234	1572	2	1	1	2026-05-22 16:37:18.745813+00	2026-05-22 16:37:18.745828+00	\N	f
28	O Cortico Anotado	Aluisio Azevedo	9788500000024	2019	2	1	1	2026-05-22 16:37:27.953764+00	2026-05-22 16:37:27.95378+00	\N	f
27	Triste Fim de Policarpo Quaresma	Lima Barreto	9788508137497	1915	3	3	2	2026-05-22 16:37:25.399438+00	2026-05-22 16:37:25.39945+00	https://books.google.com/books/content?id=8n27yidEP1sC&printsec=frontcover&img=1&zoom=2&source=gbs_api	f
36	Inocencia (editado)	Visconde de Taunay	\N	1872	3	2	2	2026-05-22 16:37:47.517973+00	2026-05-22 17:02:10.719081+00	https://books.google.com/books/content?id=BXEtAAAAIAAJ&printsec=frontcover&img=1&zoom=2&source=gbs_api	f
37	Esau e Jaco	Machado de Assis	9788594318624	1904	2	2	1	2026-05-22 16:37:48.335975+00	2026-05-22 17:02:54.038347+00	\N	f
38	Memorial de Aires	Machado de Assis	9788594318631	1908	2	2	1	2026-05-22 16:37:50.596389+00	2026-05-22 17:02:54.36305+00	\N	f
40	Diario de um Banana	Jeff Kinney	9788598078182	2007	6	6	0	2026-05-22 16:37:56.036404+00	2026-05-22 16:37:56.036422+00	https://books.google.com/books/content?id=YYMuEQAAQBAJ&printsec=frontcover&img=1&zoom=2&source=gbs_api	f
17	O Senhor dos Aneis	J.R.R. Tolkien	9788595084759	1954	3	2	1	2026-05-22 16:36:53.686779+00	2026-05-22 16:36:53.686796+00	https://books.google.com/books/content?id=frmWEQAAQBAJ&printsec=frontcover&img=1&zoom=2&source=gbs_api	f
\.


--
-- Data for Name: refresh_tokens; Type: TABLE DATA; Schema: public; Owner: postgres
--

COPY public.refresh_tokens (id, token_hash, usuario_id, expires_at, revoked_at, created_at, updated_at) FROM stdin;
1	526758eadb503cc960a8bbbac7f5cac72692ea8223d9ad84aa58c319678a0bd7	1	2026-05-29 15:30:06.925645+00	\N	2026-05-22 15:30:06.931947+00	2026-05-22 15:30:06.931963+00
2	d59730b115aecee4c0da3ce2a13e26125157644b6b516d987258d58f31520d8b	1	2026-05-29 15:32:07.470685+00	\N	2026-05-22 15:32:07.473618+00	2026-05-22 15:32:07.473632+00
3	3fa93d7526c0f038cb3feb625b2b1d882272bb26afe188ab22ff40a1f39bc359	1	2026-05-29 16:07:42.4226+00	\N	2026-05-22 16:07:42.425829+00	2026-05-22 16:07:42.425845+00
4	d116d5ee4919d67574091e261dc6c0fc6e39c8afcf023c696c38bd8aa6db3e58	1	2026-05-29 16:36:47.749506+00	\N	2026-05-22 16:36:47.751436+00	2026-05-22 16:36:47.751445+00
5	4ef51ef2291c0c086b6a0be7765cd7890e0f7489b7906ed431d32d3c95f1a95f	5	2026-05-29 16:38:03.325+00	\N	2026-05-22 16:38:03.325445+00	2026-05-22 16:38:03.325451+00
6	1ba592a6eba66799abb7ef9168bc8b545a28a9b8fd51e370fdce5398ef89792a	5	2026-05-29 16:38:04.803625+00	\N	2026-05-22 16:38:04.804281+00	2026-05-22 16:38:04.804288+00
7	5ac95d6df49eee38766e7d7cf6dae7d23e7dccee5a77c4fcbc03532ee7c351fb	6	2026-05-29 16:38:05.569476+00	\N	2026-05-22 16:38:05.569833+00	2026-05-22 16:38:05.569837+00
8	fdcb03c9875fea4e7218eb2288effc4e990dd14fd12a4bfcac8d779e96846889	6	2026-05-29 16:38:07.474616+00	\N	2026-05-22 16:38:07.475327+00	2026-05-22 16:38:07.475336+00
9	29dda86d9d22633d80c0fe3624bb695ffb7841cdf42cdc610bf04982cdcd65e3	7	2026-05-29 16:38:08.486274+00	\N	2026-05-22 16:38:08.48686+00	2026-05-22 16:38:08.486876+00
10	aaa6785318c34b02d14b9ca5a09714a7cfd73d11b8ae354af835ba0a1e6a2900	1	2026-05-29 16:40:32.517324+00	\N	2026-05-22 16:40:32.517963+00	2026-05-22 16:40:32.517969+00
11	ae4108e0419abbcd99e565918649fb98d7f36ae73407bc4d84248a525e9f4cbb	1	2026-05-29 16:43:04.338451+00	\N	2026-05-22 16:43:04.338916+00	2026-05-22 16:43:04.338922+00
12	94de8ad98bbb236d69693d2d526b8569f59b2ade1e2fd4a5e507250c47747242	5	2026-05-29 16:43:26.367221+00	\N	2026-05-22 16:43:26.367492+00	2026-05-22 16:43:26.367496+00
13	ae8d9172798f3d2871cdd1cfb9ea031f726413fd741b7ff9259f46b5f6a895c6	11	2026-05-29 16:43:26.821261+00	\N	2026-05-22 16:43:26.821669+00	2026-05-22 16:43:26.821673+00
14	d9fa8eebdf570b4a98459716539802897f27adb2287480aae1e85fbcb7708b6e	11	2026-05-29 16:45:23.920968+00	\N	2026-05-22 16:45:23.921506+00	2026-05-22 16:45:23.92151+00
15	d9d512f4dbe512c03b3d7597ef76708327dc7c4e59c3594b219ab7e8c71898d6	5	2026-05-29 16:45:24.414424+00	\N	2026-05-22 16:45:24.415248+00	2026-05-22 16:45:24.415254+00
16	431484a9386e3270f67c061b5b32969352bc9d2bc093c2f217fe132c799ff76f	8	2026-05-29 16:45:29.359901+00	\N	2026-05-22 16:45:29.36064+00	2026-05-22 16:45:29.360645+00
17	d6a38569cb36692fcf4deb8d13c09c460cf28420e73043ac4ca85ef844347b50	11	2026-05-29 16:47:25.022098+00	\N	2026-05-22 16:47:25.022686+00	2026-05-22 16:47:25.022691+00
18	f8c4eb61353a636ad45ecfa6c18ca6522933a31cfdf75fecd557ac315be7d268	5	2026-05-29 16:52:27.538794+00	\N	2026-05-22 16:52:27.539341+00	2026-05-22 16:52:27.539346+00
19	33be26b5bd45a9ef774495b68984235d9ee881ca07fbae13862d76d6c0aec5af	5	2026-05-29 17:02:06.725127+00	\N	2026-05-22 17:02:06.728066+00	2026-05-22 17:02:06.72808+00
20	72356bef9181ad2e4a5e718556e6e0481ae87eed10d1560c8ead005689c4fe49	11	2026-05-29 17:02:07.279922+00	\N	2026-05-22 17:02:07.280362+00	2026-05-22 17:02:07.280371+00
21	c0ed460b792a31f313e41e1132e1f37da30037ba0cc12d798a5403b6ca21dfac	11	2026-05-29 17:02:53.376508+00	\N	2026-05-22 17:02:53.377155+00	2026-05-22 17:02:53.377164+00
\.


--
-- Data for Name: reservas; Type: TABLE DATA; Schema: public; Owner: postgres
--

COPY public.reservas (id, livro_id, aluno_id, status, data_reserva, data_expiracao, data_resolucao, emprestimo_id, version, created_at, updated_at) FROM stdin;
2	28	14	PENDENTE	2026-05-22	2026-05-25	\N	\N	0	2026-05-22 16:38:13.884185+00	2026-05-22 16:38:13.884193+00
1	27	13	CANCELADA	2026-05-22	2026-05-25	2026-05-22 16:52:27.998173+00	\N	1	2026-05-22 16:38:13.723543+00	2026-05-22 16:52:28.011425+00
3	36	13	PENDENTE	2026-05-22	2026-05-25	\N	\N	0	2026-05-22 17:02:09.632364+00	2026-05-22 17:02:09.632375+00
\.


--
-- Data for Name: usuarios; Type: TABLE DATA; Schema: public; Owner: postgres
--

COPY public.usuarios (id, email, nome, senha_hash, role, ativo, created_at, updated_at, password_changed_at, aluno_id, deve_trocar_senha) FROM stdin;
1	admin@liber.local	Administrador	$2a$12$vrGZL1c82IgRlvwpzTTv5.c3LMVcU/3WTgxMACO4yHzGTi459zXvW	ADMIN	t	2026-05-22 15:27:50.030383+00	2026-05-22 15:27:50.030463+00	2026-05-22 15:27:49.986948+00	\N	f
2	roberto.bib@liber.local	Roberto Acervo	$2a$12$L8R9GkWZ861yDpMzgx0ZI.0pwpPaRfMR1pBw6UPS5XSearWWSPd4q	BIBLIOTECARIO	t	2026-05-22 16:36:49.072714+00	2026-05-22 16:36:49.072833+00	2026-05-22 16:36:49.070576+00	\N	f
3	fernanda.bib@liber.local	Fernanda Leitura	$2a$12$b2aGq4YLe25hQAaYt.vumub.Opk54CUaQtVhUW3YM6Sd/hv7FpL3C	BIBLIOTECARIO	t	2026-05-22 16:36:49.729331+00	2026-05-22 16:36:49.729341+00	2026-05-22 16:36:49.728692+00	\N	f
4	diretor@liber.local	Diretor Admin	$2a$12$IQeZOn5nxpt9MgnoGtEbVumR3bWf/o1veY.y5TdZsyUmBD4YDzyk2	ADMIN	t	2026-05-22 16:36:50.455527+00	2026-05-22 16:36:50.455541+00	2026-05-22 16:36:50.454437+00	\N	f
5	aluno.202700100@liber.local	Bruno Teixeira Alves	$2a$12$U45NwWhkuqiIt9KlY3KUXu94w1QJDANe1ekrPlaKDEvd44yHTc.ta	ALUNO	t	2026-05-22 16:38:02.832054+00	2026-05-22 16:38:04.350116+00	2026-05-22 16:38:04.331797+00	13	f
6	aluno.202700101@liber.local	Camila Nunes Dias	$2a$12$OkpNUh1MJjm0RvdKe9j5yOgmhq.RJQxFpYS/x2tpIl7j2wunPgpe.	ALUNO	t	2026-05-22 16:38:05.154612+00	2026-05-22 16:38:06.955055+00	2026-05-22 16:38:06.940117+00	14	f
7	aluno.202700102@liber.local	Daniel Rocha Pinto	$2a$12$y4/789oV1k0vTbF83EvMke.USrHSjapuBGWeRSAIupzdkUMqYjlIm	ALUNO	t	2026-05-22 16:38:07.949753+00	2026-05-22 16:38:09.434653+00	2026-05-22 16:38:09.425554+00	15	f
8	aluno.202700103@liber.local	Elisa Moraes Cunha	$2a$12$.gAJY.Yw6UvYRbi2k1y/3uD45aAsqHUDqJmlcRr1.Igqdj48i0QgK	ALUNO	t	2026-05-22 16:38:09.981812+00	2026-05-22 16:38:09.981822+00	2026-05-22 16:38:09.9789+00	16	t
9	aluno.202700104@liber.local	Felipe Barros Castro	$2a$12$5J9dYJH187Jfclr7icYeROW7GGgrrzPLjJgykB1rX5BGq97Qmn9Jm	ALUNO	t	2026-05-22 16:38:10.886251+00	2026-05-22 16:38:10.886261+00	2026-05-22 16:38:10.885493+00	17	t
10	aluno.202700105@liber.local	Gabriela Pires Melo	$2a$12$tB27yIwQNCt1HJMU.du4w.EOE9gu5MtGC044zvANFqjVPTMxcL2l2	ALUNO	t	2026-05-22 16:38:11.787077+00	2026-05-22 16:38:11.787145+00	2026-05-22 16:38:11.786356+00	18	t
11	carla.bib@liber.local	Carla Bibliotecaria	$2a$12$ViY1HufJwuRDKD8y3yl25uc7xRYRc2RVahqR5VWHyOk8GTUFk2..O	BIBLIOTECARIO	t	2026-05-22 16:40:32.975256+00	2026-05-22 16:40:32.975264+00	2026-05-22 16:40:32.974429+00	\N	f
\.


--
-- Name: alunos_id_seq; Type: SEQUENCE SET; Schema: public; Owner: postgres
--

SELECT pg_catalog.setval('public.alunos_id_seq', 33, true);


--
-- Name: audit_log_id_seq; Type: SEQUENCE SET; Schema: public; Owner: postgres
--

SELECT pg_catalog.setval('public.audit_log_id_seq', 46, true);


--
-- Name: emprestimos_id_seq; Type: SEQUENCE SET; Schema: public; Owner: postgres
--

SELECT pg_catalog.setval('public.emprestimos_id_seq', 20, true);


--
-- Name: livros_id_seq; Type: SEQUENCE SET; Schema: public; Owner: postgres
--

SELECT pg_catalog.setval('public.livros_id_seq', 41, true);


--
-- Name: refresh_tokens_id_seq; Type: SEQUENCE SET; Schema: public; Owner: postgres
--

SELECT pg_catalog.setval('public.refresh_tokens_id_seq', 21, true);


--
-- Name: reservas_id_seq; Type: SEQUENCE SET; Schema: public; Owner: postgres
--

SELECT pg_catalog.setval('public.reservas_id_seq', 3, true);


--
-- Name: usuarios_id_seq; Type: SEQUENCE SET; Schema: public; Owner: postgres
--

SELECT pg_catalog.setval('public.usuarios_id_seq', 13, true);


--
-- Name: alunos alunos_pkey; Type: CONSTRAINT; Schema: public; Owner: postgres
--

ALTER TABLE ONLY public.alunos
    ADD CONSTRAINT alunos_pkey PRIMARY KEY (id);


--
-- Name: audit_log audit_log_pkey; Type: CONSTRAINT; Schema: public; Owner: postgres
--

ALTER TABLE ONLY public.audit_log
    ADD CONSTRAINT audit_log_pkey PRIMARY KEY (id);


--
-- Name: emprestimos emprestimos_pkey; Type: CONSTRAINT; Schema: public; Owner: postgres
--

ALTER TABLE ONLY public.emprestimos
    ADD CONSTRAINT emprestimos_pkey PRIMARY KEY (id);


--
-- Name: flyway_schema_history flyway_schema_history_pk; Type: CONSTRAINT; Schema: public; Owner: postgres
--

ALTER TABLE ONLY public.flyway_schema_history
    ADD CONSTRAINT flyway_schema_history_pk PRIMARY KEY (installed_rank);


--
-- Name: livro_capa livro_capa_pkey; Type: CONSTRAINT; Schema: public; Owner: postgres
--

ALTER TABLE ONLY public.livro_capa
    ADD CONSTRAINT livro_capa_pkey PRIMARY KEY (livro_id);


--
-- Name: livros livros_pkey; Type: CONSTRAINT; Schema: public; Owner: postgres
--

ALTER TABLE ONLY public.livros
    ADD CONSTRAINT livros_pkey PRIMARY KEY (id);


--
-- Name: refresh_tokens refresh_tokens_pkey; Type: CONSTRAINT; Schema: public; Owner: postgres
--

ALTER TABLE ONLY public.refresh_tokens
    ADD CONSTRAINT refresh_tokens_pkey PRIMARY KEY (id);


--
-- Name: reservas reservas_pkey; Type: CONSTRAINT; Schema: public; Owner: postgres
--

ALTER TABLE ONLY public.reservas
    ADD CONSTRAINT reservas_pkey PRIMARY KEY (id);


--
-- Name: alunos uk_alunos_matricula; Type: CONSTRAINT; Schema: public; Owner: postgres
--

ALTER TABLE ONLY public.alunos
    ADD CONSTRAINT uk_alunos_matricula UNIQUE (matricula);


--
-- Name: livros uk_livros_isbn; Type: CONSTRAINT; Schema: public; Owner: postgres
--

ALTER TABLE ONLY public.livros
    ADD CONSTRAINT uk_livros_isbn UNIQUE (isbn);


--
-- Name: usuarios uk_usuarios_aluno; Type: CONSTRAINT; Schema: public; Owner: postgres
--

ALTER TABLE ONLY public.usuarios
    ADD CONSTRAINT uk_usuarios_aluno UNIQUE (aluno_id);


--
-- Name: usuarios usuarios_pkey; Type: CONSTRAINT; Schema: public; Owner: postgres
--

ALTER TABLE ONLY public.usuarios
    ADD CONSTRAINT usuarios_pkey PRIMARY KEY (id);


--
-- Name: flyway_schema_history_s_idx; Type: INDEX; Schema: public; Owner: postgres
--

CREATE INDEX flyway_schema_history_s_idx ON public.flyway_schema_history USING btree (success);


--
-- Name: idx_alunos_nome; Type: INDEX; Schema: public; Owner: postgres
--

CREATE INDEX idx_alunos_nome ON public.alunos USING btree (nome);


--
-- Name: idx_alunos_turma; Type: INDEX; Schema: public; Owner: postgres
--

CREATE INDEX idx_alunos_turma ON public.alunos USING btree (turma);


--
-- Name: idx_audit_log_evento; Type: INDEX; Schema: public; Owner: postgres
--

CREATE INDEX idx_audit_log_evento ON public.audit_log USING btree (evento);


--
-- Name: idx_audit_log_ocorrido_em; Type: INDEX; Schema: public; Owner: postgres
--

CREATE INDEX idx_audit_log_ocorrido_em ON public.audit_log USING btree (ocorrido_em);


--
-- Name: idx_audit_log_usuario_email; Type: INDEX; Schema: public; Owner: postgres
--

CREATE INDEX idx_audit_log_usuario_email ON public.audit_log USING btree (usuario_email);


--
-- Name: idx_emprestimos_aluno_situacao; Type: INDEX; Schema: public; Owner: postgres
--

CREATE INDEX idx_emprestimos_aluno_situacao ON public.emprestimos USING btree (aluno_id, situacao);


--
-- Name: idx_emprestimos_data_devolucao_prevista; Type: INDEX; Schema: public; Owner: postgres
--

CREATE INDEX idx_emprestimos_data_devolucao_prevista ON public.emprestimos USING btree (data_devolucao_prevista);


--
-- Name: idx_emprestimos_livro; Type: INDEX; Schema: public; Owner: postgres
--

CREATE INDEX idx_emprestimos_livro ON public.emprestimos USING btree (livro_id);


--
-- Name: idx_emprestimos_situacao; Type: INDEX; Schema: public; Owner: postgres
--

CREATE INDEX idx_emprestimos_situacao ON public.emprestimos USING btree (situacao);


--
-- Name: idx_livros_autor; Type: INDEX; Schema: public; Owner: postgres
--

CREATE INDEX idx_livros_autor ON public.livros USING btree (autor);


--
-- Name: idx_livros_titulo; Type: INDEX; Schema: public; Owner: postgres
--

CREATE INDEX idx_livros_titulo ON public.livros USING btree (titulo);


--
-- Name: idx_refresh_tokens_token_hash; Type: INDEX; Schema: public; Owner: postgres
--

CREATE UNIQUE INDEX idx_refresh_tokens_token_hash ON public.refresh_tokens USING btree (token_hash);


--
-- Name: idx_refresh_tokens_usuario; Type: INDEX; Schema: public; Owner: postgres
--

CREATE INDEX idx_refresh_tokens_usuario ON public.refresh_tokens USING btree (usuario_id);


--
-- Name: idx_reservas_aluno; Type: INDEX; Schema: public; Owner: postgres
--

CREATE INDEX idx_reservas_aluno ON public.reservas USING btree (aluno_id);


--
-- Name: idx_reservas_livro; Type: INDEX; Schema: public; Owner: postgres
--

CREATE INDEX idx_reservas_livro ON public.reservas USING btree (livro_id);


--
-- Name: idx_reservas_status; Type: INDEX; Schema: public; Owner: postgres
--

CREATE INDEX idx_reservas_status ON public.reservas USING btree (status);


--
-- Name: idx_usuarios_email; Type: INDEX; Schema: public; Owner: postgres
--

CREATE UNIQUE INDEX idx_usuarios_email ON public.usuarios USING btree (email);


--
-- Name: emprestimos fk_emprestimos_aluno; Type: FK CONSTRAINT; Schema: public; Owner: postgres
--

ALTER TABLE ONLY public.emprestimos
    ADD CONSTRAINT fk_emprestimos_aluno FOREIGN KEY (aluno_id) REFERENCES public.alunos(id);


--
-- Name: emprestimos fk_emprestimos_livro; Type: FK CONSTRAINT; Schema: public; Owner: postgres
--

ALTER TABLE ONLY public.emprestimos
    ADD CONSTRAINT fk_emprestimos_livro FOREIGN KEY (livro_id) REFERENCES public.livros(id);


--
-- Name: refresh_tokens fk_refresh_tokens_usuario; Type: FK CONSTRAINT; Schema: public; Owner: postgres
--

ALTER TABLE ONLY public.refresh_tokens
    ADD CONSTRAINT fk_refresh_tokens_usuario FOREIGN KEY (usuario_id) REFERENCES public.usuarios(id) ON DELETE CASCADE;


--
-- Name: reservas fk_reservas_aluno; Type: FK CONSTRAINT; Schema: public; Owner: postgres
--

ALTER TABLE ONLY public.reservas
    ADD CONSTRAINT fk_reservas_aluno FOREIGN KEY (aluno_id) REFERENCES public.alunos(id);


--
-- Name: reservas fk_reservas_emprestimo; Type: FK CONSTRAINT; Schema: public; Owner: postgres
--

ALTER TABLE ONLY public.reservas
    ADD CONSTRAINT fk_reservas_emprestimo FOREIGN KEY (emprestimo_id) REFERENCES public.emprestimos(id);


--
-- Name: reservas fk_reservas_livro; Type: FK CONSTRAINT; Schema: public; Owner: postgres
--

ALTER TABLE ONLY public.reservas
    ADD CONSTRAINT fk_reservas_livro FOREIGN KEY (livro_id) REFERENCES public.livros(id);


--
-- Name: usuarios fk_usuarios_aluno; Type: FK CONSTRAINT; Schema: public; Owner: postgres
--

ALTER TABLE ONLY public.usuarios
    ADD CONSTRAINT fk_usuarios_aluno FOREIGN KEY (aluno_id) REFERENCES public.alunos(id);


--
-- Name: livro_capa livro_capa_livro_id_fkey; Type: FK CONSTRAINT; Schema: public; Owner: postgres
--

ALTER TABLE ONLY public.livro_capa
    ADD CONSTRAINT livro_capa_livro_id_fkey FOREIGN KEY (livro_id) REFERENCES public.livros(id) ON DELETE CASCADE;


--
-- PostgreSQL database dump complete
--

\unrestrict 7Fcm3Js1rLPxSAcaa2hELoWSBEq65kJn0TTAwzb9SDuEYy3DgdJdadfLcd6pg07

